similarity_computation,0:00:06.608894
clustering_0,0:00:00.024210
clustering_1,0:00:00.024128
clustering_2,0:00:00.024108
correction,0:00:01.205467
total_time,0:00:07.920091
