similarity_computation,0:00:08.002609
clustering_0,0:00:00.024148
clustering_1,0:00:00.024204
clustering_2,0:00:00.024145
correction,0:00:01.207606
total_time,0:00:09.315676
