similarity_computation,0:00:01.078714
clustering_0,0:00:00.003094
clustering_1,0:00:00.003108
correction,0:00:01.088638
total_time,0:00:02.181943
