similarity_computation,0:00:00.052260
clustering_0,0:00:00.000446
clustering_1,0:00:00.000408
correction,0:00:00.218400
total_time,0:00:00.276626
