similarity_computation,0:00:00.032401
clustering_0,0:00:00.000451
clustering_1,0:00:00.000449
clustering_2,0:00:00.000493
correction,0:00:01.444325
total_time,0:00:01.481977
