similarity_computation,0:00:00.153179
clustering_0,0:00:00.000642
clustering_1,0:00:00.000638
clustering_2,0:00:00.000635
correction,0:00:01.297558
total_time,0:00:01.456662
