similarity_computation,0:02:07.666641
clustering_0,0:00:00.297364
clustering_1,0:00:00.278041
correction,0:00:00.276416
total_time,0:02:08.984320
