similarity_computation,0:00:00.018597
clustering_0,0:00:00.000292
clustering_1,0:00:00.000284
clustering_2,0:00:00.000285
correction,0:00:01.391924
total_time,0:00:01.414630
