similarity_computation,0:00:00.203775
clustering_0,0:00:00.000932
clustering_1,0:00:00.000917
correction,0:00:00.810845
total_time,0:00:01.020221
