similarity_computation,0:00:00.141304
clustering_0,0:00:00.000896
clustering_1,0:00:00.000891
correction,0:00:00.770762
total_time,0:00:00.917346
