similarity_computation,0:00:00.402292
clustering_0,0:00:00.000718
clustering_1,0:00:00.000712
clustering_2,0:00:00.000711
correction,0:00:01.297482
total_time,0:00:01.705705
