similarity_computation,0:00:02.126931
clustering_0,0:00:00.006623
clustering_1,0:00:00.006473
clustering_2,0:00:00.006462
correction,0:00:01.169856
total_time,0:00:03.329569
