similarity_computation,0:00:00.134041
clustering_0,0:00:00.000616
clustering_1,0:00:00.000604
correction,0:00:00.999719
total_time,0:00:01.138243
