similarity_computation,0:00:00.006740
clustering_0,0:00:00.000244
clustering_1,0:00:00.000239
correction,0:00:00.585055
total_time,0:00:00.594781
