similarity_computation,0:00:00.006150
clustering_0,0:00:00.000287
clustering_1,0:00:00.000282
clustering_2,0:00:00.000282
correction,0:00:01.377087
total_time,0:00:01.387586
