similarity_computation,0:00:20.503503
clustering_0,0:00:00.052796
clustering_1,0:00:00.052394
clustering_2,0:00:00.052988
correction,0:00:01.541593
total_time,0:00:22.265157
