similarity_computation,0:00:00.136539
clustering_0,0:00:00.000767
clustering_1,0:00:00.000707
clustering_2,0:00:00.000709
correction,0:00:01.284814
total_time,0:00:01.427441
