similarity_computation,0:00:04.452121
clustering_0,0:00:00.016301
clustering_1,0:00:00.016253
correction,0:00:00.954541
total_time,0:00:05.464897
