similarity_computation,0:00:00.060114
clustering_0,0:00:00.000482
clustering_1,0:00:00.000478
correction,0:00:00.683608
total_time,0:00:00.748420
