similarity_computation,0:00:00.999349
clustering_0,0:00:00.002449
clustering_1,0:00:00.002303
correction,0:00:01.071891
total_time,0:00:02.083685
