similarity_computation,0:00:00.978580
clustering_0,0:00:00.002988
clustering_1,0:00:00.002935
clustering_2,0:00:00.002938
correction,0:00:01.271100
total_time,0:00:02.266931
