similarity_computation,0:00:02.840940
clustering_0,0:00:00.006658
clustering_1,0:00:00.006581
clustering_2,0:00:00.006590
correction,0:00:01.143519
total_time,0:00:04.017630
