similarity_computation,0:00:00.000244
clustering_0,0:00:00.000235
clustering_1,0:00:00.000185
clustering_2,0:00:00.000179
correction,0:00:01.039585
total_time,0:00:01.044162
