similarity_computation,0:00:01.012221
clustering_0,0:00:00.001892
clustering_1,0:00:00.001841
clustering_2,0:00:00.001860
clustering_3,0:00:00.001846
clustering_4,0:00:00.001847
clustering_5,0:00:00.001837
clustering_6,0:00:00.001849
clustering_7,0:00:00.001878
clustering_8,0:00:00.001849
correction,0:00:04.767595
total_time,0:00:05.805458
