similarity_computation,0:00:00.041428
clustering_0,0:00:00.000491
clustering_1,0:00:00.000480
correction,0:00:00.701125
total_time,0:00:00.747286
