similarity_computation,0:00:06.261072
clustering_0,0:00:00.017860
clustering_1,0:00:00.017748
clustering_2,0:00:00.017544
correction,0:00:01.270651
total_time,0:00:07.612981
