similarity_computation,0:00:00.001028
clustering_0,0:00:00.000187
clustering_1,0:00:00.000186
clustering_2,0:00:00.000180
correction,0:00:01.063731
total_time,0:00:01.069066
