similarity_computation,0:00:00.044842
clustering_0,0:00:00.000501
clustering_1,0:00:00.000494
correction,0:00:00.254715
total_time,0:00:00.303978
