similarity_computation,0:00:01.130562
clustering_0,0:00:00.003192
clustering_1,0:00:00.003191
clustering_2,0:00:00.003109
correction,0:00:01.413145
total_time,0:00:02.562570
