similarity_computation,0:00:00.715604
clustering_0,0:00:00.002947
clustering_1,0:00:00.002895
clustering_2,0:00:00.002856
correction,0:00:01.275186
total_time,0:00:02.008218
