similarity_computation,0:00:00.208912
clustering_0,0:00:00.000952
clustering_1,0:00:00.000934
correction,0:00:00.842891
total_time,0:00:01.057343
