similarity_computation,0:00:13.767354
clustering_0,0:00:00.039526
clustering_1,0:00:00.037547
correction,0:00:00.208527
total_time,0:00:14.096555
