similarity_computation,0:00:00.073122
clustering_0,0:00:00.000513
clustering_1,0:00:00.000499
clustering_2,0:00:00.000501
correction,0:00:00.737468
total_time,0:00:00.816639
