similarity_computation,0:00:14.441384
clustering_0,0:00:00.041392
clustering_1,0:00:00.041242
clustering_2,0:00:00.041358
correction,0:00:01.416781
total_time,0:00:16.038157
