similarity_computation,0:00:00.137263
clustering_0,0:00:00.000923
clustering_1,0:00:00.000946
correction,0:00:00.794499
total_time,0:00:00.938571
