similarity_computation,0:00:00.006824
clustering_0,0:00:00.000257
clustering_1,0:00:00.000242
correction,0:00:00.639998
total_time,0:00:00.652023
