similarity_computation,0:00:00.001148
clustering_0,0:00:00.000204
clustering_1,0:00:00.000185
clustering_2,0:00:00.000179
correction,0:00:01.134924
total_time,0:00:01.140999
