similarity_computation,0:00:00.173988
clustering_0,0:00:00.000922
clustering_1,0:00:00.000892
correction,0:00:00.767860
total_time,0:00:00.948295
