similarity_computation,0:00:00.522691
clustering_0,0:00:00.002346
clustering_1,0:00:00.002254
correction,0:00:01.060531
total_time,0:00:01.595244
