similarity_computation,0:00:00.071969
clustering_0,0:00:00.000495
clustering_1,0:00:00.000486
correction,0:00:00.276795
total_time,0:00:00.353832
