similarity_computation,0:00:00.002341
clustering_0,0:00:00.000242
clustering_1,0:00:00.000240
correction,0:00:00.610898
total_time,0:00:00.616195
