similarity_computation,0:00:00.083420
clustering_0,0:00:00.000620
clustering_1,0:00:00.000612
correction,0:00:01.010487
total_time,0:00:01.098488
