similarity_computation,0:00:00.060887
clustering_0,0:00:00.000502
clustering_1,0:00:00.000495
correction,0:00:00.249343
total_time,0:00:00.314564
