similarity_computation,0:00:05.315922
clustering_0,0:00:00.016525
clustering_1,0:00:00.016403
correction,0:00:00.946840
total_time,0:00:06.321051
