similarity_computation,0:00:17.767152
clustering_0,0:00:00.041410
clustering_1,0:00:00.041621
clustering_2,0:00:00.041881
correction,0:00:01.423637
total_time,0:00:19.371911
