similarity_computation,0:00:00.175253
clustering_0,0:00:00.000899
clustering_1,0:00:00.000893
correction,0:00:00.765888
total_time,0:00:00.946345
